nation,description,iso codes,callsign,suffix
Afghanistan,general,"['AF', 'AFG']","['T6', 'YA']",['AAA-ZZZ']
Albania,general,"['AL', 'ALB']",['ZA'],['AAA-ZZZ']
Algeria,civilian,"['DZ', 'DZA']","['7R', '7T', '7U', '7V', '7W', '7X', '7Y']",['VAA-VZZ']
Algeria,military,"['DZ', 'DZA']","['7R', '7T', '7U', '7V', '7W', '7X', '7Y']",['WAA-WZZ']
Andorra,general,"['AD', 'AND']",['C3'],['AAA-ZZZ']
Angola,general,"['AO', 'AGO']","['D2', 'D3']",['AAA-ZZZ']
Anguilla,general,"['AI', 'AIA']",['VP-A'],['AA-ZZ']
Antigua and Barbuda,general,"['AG', 'ATG']",['V2'],['AAA-ZZZ']
Argentina,general,"['AR', 'ARG']","['AY', 'AZ', 'L2', 'L3', 'L4', 'L5', 'L6', 'L7', 'L8', 'L9', 'LO', 'LP', 'LR', 'LS', 'LT', 'LU', 'LV', 'LW']",['AAA-ZZZ']
Argentina,military,"['AR', 'ARG']",['LQ'],['AAA-ZZZ']
Armenia,general,"['AM', 'ARM']",['EK'],['10000-99999']
Aruba,general,"['AW', 'ABW']",['P4'],['AAA-ZZZ']
Australia,general,"['AU', 'AUS']","['AX', 'VH', 'VI', 'VJ', 'VK', 'VL', 'VM', 'VN', 'VZ']",['AAA-ZZZ']
Austria,general,"['AT', 'AUT']",['OE'],['AAA-KZZ']
Austria,offical use,"['AT', 'AUT']",['OE'],['BAA-BZZ']
Austria,scheduled airlines,"['AT', 'AUT']",['OE'],['LAA-LZZ']
Austria,test registrations,"['AT', 'AUT']",['OE'],['VAA-VZZ']
Austria,amphibian and sea planes,"['AT', 'AUT']",['OE'],['WAA-WZZ']
Austria,helicopters,"['AT', 'AUT']",['OE'],['XAA-XZZ']
Austria,gliders,"['AT', 'AUT']",['OE'],['0001-5999']
Austria,moter gliders,"['AT', 'AUT']",['OE'],['9000-9999']
Azerbaijan,general,"['AZ', 'AZE']","['4J','4K']","['AZ1-AZ999','10000-99999']"
Bahamas,general,"['BS', 'BHS']",['C6'],['AAA-ZZZ']
Bahrain,general,"['BH', 'BHR']",['A9C'],"['AA-ZZ','AAA-ZZZ']"
Bangladesh,general,"['BD', 'BGD']","['S2', 'S3']",['AAA-ZZZ']
Barbados,general,"['BB', 'BRB']",['8P'],['AAA-ZZZ']
Belarus,Soviet Union registrations,"['BY', 'BLR']","['EU', 'EV', 'EW']",['10000-99999']
Belarus,general,"['BY', 'BLR']","['EU', 'EV', 'EW']",['100AA-999ZZ']
Belarus,Boeing 737,"['BY', 'BLR']","['EU', 'EV', 'EW']",['200PA-299PA']
Belarus,CRJ aircraft,"['BY', 'BLR']","['EU', 'EV', 'EW']",['100PJ-299PJ']
Belarus,official use,"['BY', 'BLR']","['EU', 'EV', 'EW']","['001DA','001PA','001PB','85815']"
Belarus,balloons,"['BY', 'BLR']","['EU', 'EV', 'EW']",['0001L-9999L']
Belgium,general,"['BE', 'BEL']","['ON', 'OO', 'OP', 'OQ', 'OR', 'OS', 'OT']","['AAA-PZZ','RAA-ZZZ']"
Belgium,Belgian national airline Sabena,"['BE', 'BEL']","['ON', 'OO', 'OP', 'OQ', 'OR', 'OS', 'OT']",['SAA-SZZ']
Belgium,balloons,"['BE', 'BEL']","['ON', 'OO', 'OP', 'OQ', 'OR', 'OS', 'OT']",['BAA-BZZ']
Belgium,gliders,"['BE', 'BEL']","['ON', 'OO', 'OP', 'OQ', 'OR', 'OS', 'OT']",['YAA-ZAA']
Belgium,home-built aircraft,"['BE', 'BEL']","['ON', 'OO', 'OP', 'OQ', 'OR', 'OS', 'OT']",['01-499']
Belgium,microlights,"['BE', 'BEL']","['ON', 'OO', 'OP', 'OQ', 'OR', 'OS', 'OT']","['501-999','A01-Z99']"
Belize,general,"['BZ', 'BLZ']",['V3'],['AAA-ZZZ']
Benin,general,"['BJ', 'BEN']",['TY'],['AAA-ZZZ']
Bermuda,general,"['BM', 'BMU']","['VP-B','VQ-B','VR-B']",['AA-ZZ']
Bhutan,general,"['BT', 'BTN']",['A5'],['AAA-ZZZ']
Bolivia,general,"['BO', 'BOL']",['CP'],['1000-9999']
Bosnia and Herzegovina,general,"['BA', 'BIH']",['E7'],['AAA-ZZZ']
Botswana,general,"['BW', 'BWA']","['A2', '8O']",['AAA-ZZZ']
Brazil,microlights and experimental LSA aircraft,"['BR', 'BRA']",['PU'],['AAA-ZZZ']
Brazil,general,"['BR', 'BRA']","['PP', 'PQ', 'PS', 'PV', 'PW', 'PX', 'PY', 'ZV', 'ZW', 'ZX', 'ZY', 'ZZ']",['AAA-ZZZ']
Brazil,general,"['BR', 'BRA']","['PR','PT']",['AAA-YZZ']
Brazil,experimental non-LSA aircraft,"['BR', 'BRA']","['PR', 'PT']",['ZAA-ZZZ']
British Virgin Islands,general,"['VG', 'VGB']",['VP-L'],['AA-ZZ']
Brunei,general,"['BN', 'BRN']",['V8'],"['AAA-ZZZ','AA1-ZZ9','001-999']"
Bulgaria,general,"['BG', 'BGR']",['LZ'],['AAA-YZZ']
Burkina Faso,general,"['BF', 'BFA']",['XT'],['AAA-ZZZ']
Burundi,general,"['BI', 'BDI']",['9U'],['AAA-ZZZ']
Cambodia,general,"['KH', 'KHM']",['XU'],['AAA-ZZZ']
Cameroon,general,"['CM', 'CMR']",['TJ'],['AAA-ZZZ']
Canada,general,"['CA', 'CAN']",['C'],"['FAAA-FZZZ','GAAA-GZZZ']"
Canada,ultralight aeroplanes,"['CA', 'CAN']",['C'],['IAAA-IZZZ']
Canada,Newfoundland prior to merging with Canada in 1949,"['CA', 'CAN']",['VO'],['AAA-ZZZ']
Canada,general,"['CA', 'CAN']","['C', 'CF', 'CG', 'CH', 'CJ', 'CK', 'CY', 'CZ', 'VA', 'VB', 'VC', 'VD', 'VE', 'VF', 'VG', 'VX', 'VY', 'XJ', 'XK', 'XL', 'XM', 'XN', 'XO', 'VO']",['AAA-ZZZ']
Cape Verde or Cabo Verde,general,"['CV', 'CPV']",['D4'],['AAA-ZZZ']
Cayman Islands,general,"['KY', 'CYM']",['VP-C'],['AA-ZZ']
Central African Republic,general,"['CF', 'CAF']",['TL'],['AAA-ZZZ']
Chad,general,"['TD', 'TCD']",['TT'],['AAA-ZZZ']
Chile,general,"['CL', 'CHL']","['CA', 'CB', 'CC', 'CD', 'CE', 'XQ', 'XR', '3G']",['AAA-ZZZ']
Chile,commercial aircraft,"['CL', 'CHL']",['CC'],['CAA-CZZ']
Chile,Chile's Aviation Directorate planes including those from the Aviation Museum,"['CL', 'CHL']",['CC'],['DAA-DZZ']
Chile,government aircraft,"['CL', 'CHL']",['CC'],['EAA-EZZ']
Chile,aero clubs northern zone,"['CL', 'CHL']",['CC'],['NAA-NZZ']
Chile,aero clubs central zone,"['CL', 'CHL']",['CC'],"['KAA-KZZ','LAA-LZZ']"
Chile,aero clubs southern zone,"['CL', 'CHL']",['CC'],"['SAA-SZZ','TAA-TZZ']"
Chile,aero clubs Patagonian area,"['CL', 'CHL']",['CC'],['MAA-MZZ']
Chile,aero clubs private aircraft,"['CL', 'CHL']",['CC'],['PAA-PZZ']
China,general,"['CN', 'CHN']","['B','XS', '3H', '3I', '3J', '3K', '3L', '3M', '3N', '3O', '3P', '3Q', '3R', '3S', '3T', '3U', 'VR', 'XX']","['0000-9999','000A-999Z', '00AA-99ZZ']"
Colombia,microlights,"['CO', 'COL']",['HJ'],['1000A-9999Z']
Colombia,general,"['CO', 'COL']","['HK', '5J', '5K']",['1000A-9999Z']
Comoros,general,"['KM', 'COM']",['D6'],['AAA-ZZZ']
Congo Democratic Republic,general,"['CD', 'COD']","['9O', '9P', '9Q', '9R', '9S', '9T']",['AAA-ZZZ']
Congo Republic,general,"['CG', 'COG']",['TN'],['AAA-ZZZ']
Cook Islands,general,"['CK', 'COK']",['E5'],['AAA-ZZZ']
Costa Rica,general,"['CR', 'CRI']","['TE', 'TI']",['AAA-ZZZ']
Costa Rica,ultralight aircraft,"['CR', 'CRI']","['TE', 'TI']",['000-999']
Croatia,general,"['HR', 'HRV']",['9A'],['AAA-ZZZ']
Croatia,gliders,"['HR', 'HRV']",['9A'],['GAA-GZZ']
Croatia,helicopters,"['HR', 'HRV']",['9A'],['HAA-HZZ']
Croatia,balloons,"['HR', 'HRV']",['9A'],['OAA-OZZ']
Croatia,ultralight aircraft,"['HR', 'HRV']",['9A'],['UAA-UZZ']
Cuba,agricultural,"['CU', 'CUB']","['CL', 'CM', 'CO', 'T4']",['A1000-A1999']
Cuba,cargo,"['CU', 'CUB']","['CL', 'CM', 'CO', 'T4']",['C1000-C1999']
Cuba,helicopters,"['CU', 'CUB']","['CL', 'CM', 'CO', 'T4']",['H1000-H1999']
Cuba,private,"['CU', 'CUB']","['CL', 'CM', 'CO', 'T4']",['N1000-N1999']
Cuba,commercial,"['CU', 'CUB']","['CL', 'CM', 'CO', 'T4']",['T1000-T1999']
Cuba,ultralights,"['CU', 'CUB']","['CL', 'CM', 'CO', 'T4']",['U1000-U1999']
Cuba,general,"['CU', 'CUB']","['CU', 'CL', 'CM', 'CO', 'T4']",['AAA-ZZZ']
Cyprus,general,"['CY', 'CYP']","['C4', 'H2', 'P3', '5B']",['AAA-ZZZ']
Czech Republic,general,"['CZ', 'CZE']","['OK', 'OL']",['AAA-ZZZ']
Czech Republic,microlights,"['CZ', 'CZE']","['OK', 'OL']",['AAA00-ZZZ99']
Czech Republic,gliders and balloons,"['CZ', 'CZE']","['OK', 'OL']",['0000-9999']
Czech Republic,ultralights,"['CZ', 'CZE']","['OK', 'OL']",['A000-A999']
Czech Republic,unmanned aircraft,"['CZ', 'CZE']","['OK', 'OL']",['X000A-X999Z']
Denmark,general,"['DK', 'DNK']","['OU', 'OV', 'OW', 'OX', 'OY', 'OZ', 'XP', '5P', '5Q']",['AAA-ZZZ']
Denmark,helicopters and gliders,"['DK', 'DNK']","['OU', 'OV', 'OW', 'OX', 'OY', 'OZ', 'XP', '5P', '5Q']",['HAA-HZZ']
Denmark,balloons,"['DK', 'DNK']","['OU', 'OV', 'OW', 'OX', 'OY', 'OZ', 'XP', '5P', '5Q']",['BAA-BZZ']
Denmark,ultralight trikes,"['DK', 'DNK']","['OU', 'OV', 'OW', 'OX', 'OY', 'OZ', 'XP', '5P', '5Q']",['81-8999']
Denmark,ultralight 3-axis,"['DK', 'DNK']","['OU', 'OV', 'OW', 'OX', 'OY', 'OZ', 'XP', '5P', '5Q']",['91-9999']
Denmark,ultralight gyro,"['DK', 'DNK']","['OU', 'OV', 'OW', 'OX', 'OY', 'OZ', 'XP', '5P', '5Q']",['1001-1999']
Djibouti,general,"['DJ', 'DJI']",['J2'],['AAA-ZZZ']
Dominica,general,"['DM', 'DMA']",['J7'],['AAA-ZZZ']
Dominican Republic,general,"['DO', 'DOM']",['HI'],['100AA-999ZZ']
Ecuador,general,"['EC', 'ECU']","['HC', 'HD']",['AAA-ZZZ']
Egypt,general,"['EG', 'EGY']","['SSA', 'SSB', 'SSC', 'SSD', 'SSE', 'SSF', 'SSG', 'SSH', 'SSI', 'SSJ', 'SSK', 'SSL', 'SSM', 'SSM', 'SU', '6A', '6B']","['AAA-XXZ','ZAA-ZZZ']"
Egypt,gliders and balloons,"['EG', 'EGY']","['SSA', 'SSB', 'SSC', 'SSD', 'SSE', 'SSF', 'SSG', 'SSH', 'SSI', 'SSJ', 'SSK', 'SSL', 'SSM', 'SSM', 'SU', '6A', '6B']",['001-999']
El Salvador,general,"['SV', 'SLV']","['HU', 'YS']",['AAA-ZZZ']
Equatorial Guinea,general,"['GQ', 'GNQ']",['3C'],['AAA-ZZZ']
Eritrea,general,"['ER', 'ERI']",['E3'],['AAAA-ZZZZ']
Estonia,general,"['EE', 'EST']",['ES'],['AAA-ZZZ']
Ethiopia,general,"['ET', 'ETH']","['ET', '9E', '9F']",['AAA-ZZZ']
Falk Islands,general,"['FK', 'FLK']",['VP-F'],['AA-ZZ']
Faroe Islands,general,"['FO', 'FRO']",['OY-H'],['AA-ZZ']
Fiji,general,"['FJ', 'FJI']","['DQ', '3DN', '3DO', '3DP', '3DQ', '3DR', '3DS', '3DT', '3DU', '3DV', '3DW', '3DX', '3DY', '3DZ']",['AAA-ZZZ']
Finland,general,"['FI', 'FIN']","['OF', 'OG', 'OH', 'OI', 'OJ']",['AAA-ZZZ']
Finland,gliders,"['FI', 'FIN']","['OF', 'OG', 'OH', 'OI', 'OJ']",['001-999']
Finland,autogyro,"['FI', 'FIN']","['OF', 'OG', 'OH', 'OI', 'OJ']",['G001-G999']
Finland,ultralights,"['FI', 'FIN']","['OF', 'OG', 'OH', 'OI', 'OJ']",['U001-U999']
France,general,"['FR', 'FRA']","['F', 'HW', 'HX', 'HY', 'TH', 'TK', 'TM', 'TO', 'TP', 'TQ', 'TV', 'TW', 'TX']",['AAAA-ZZZZ']
France,historic,"['FR', 'FRA']","['F', 'HW', 'HX', 'HY', 'TH', 'TK', 'TM', 'TO', 'TP', 'TQ', 'TV', 'TW', 'TX']",['AYAA-AZZZ']
France,gliders,"['FR', 'FRA']","['F', 'HW', 'HX', 'HY', 'TH', 'TK', 'TM', 'TO', 'TP', 'TQ', 'TV', 'TW', 'TX']",['CAAA-CZZZ']
France,overseas territories,"['FR', 'FRA']","['F', 'HW', 'HX', 'HY', 'TH', 'TK', 'TM', 'TO', 'TP', 'TQ', 'TV', 'TW', 'TX']",['OAAA-OZZZ']
France,homebuilt,"['FR', 'FRA']","['F', 'HW', 'HX', 'HY', 'TH', 'TK', 'TM', 'TO', 'TP', 'TQ', 'TV', 'TW', 'TX']",['PAAA-PZZZ']
France,test and delivery,"['FR', 'FRA']","['F', 'HW', 'HX', 'HY', 'TH', 'TK', 'TM', 'TO', 'TP', 'TQ', 'TV', 'TW', 'TX']",['WAAA-WZZZ']
France,state owened,"['FR', 'FRA']","['F', 'HW', 'HX', 'HY', 'TH', 'TK', 'TM', 'TO', 'TP', 'TQ', 'TV', 'TW', 'TX']",['ZAAA-ZZZZ']
France,ultralights,"['FR', 'FRA']","['F', 'HW', 'HX', 'HY', 'TH', 'TK', 'TM', 'TO', 'TP', 'TQ', 'TV', 'TW', 'TX']","['00AA-99ZZ', '000AA-999ZZ', '00AAA-99ZZZ', '000AAA-999ZZZ', '69MAA-69MZZ', '69MAAA-69MZZZ']"
Gabon,general,"['GA', 'GAB']",['TR'],['AAA-ZZZ']
Gambia,general,"['GM', 'GMB']",['C5'],['AAA-ZZZ']
Georgia,general,"['GE', 'GEO']",['4L'],"['AAA-ZZZ','10000-99999']"
Germany,general,"['DE', 'DEU']","['D', 'DA', 'DB', 'DC', 'DD', 'DE', 'DF', 'DG', 'DH', 'DI', 'DJ', 'DK', 'DL', 'DM', 'DN', 'DO', 'DP', 'DR', 'Y2', 'Y3', 'Y4', 'Y5', 'Y6', 'Y7', 'Y8', 'Y9']",['AAA-ZZZ']
Germany,heavy > 20 t MTOW,"['DE', 'DEU']",['D'],['AAAA-AZZZ']
Germany,test registrations,"['DE', 'DEU']",['D'],['AUAA-AZZZ']
Germany,medium 14 - 20 t MTOW,"['DE', 'DEU']",['D'],['BAAA-BZZZ']
Germany,light 5.7 - 14 t MTOW,"['DE', 'DEU']",['D'],['CAAA-CZZZ']
Germany,single-engine up to 2 t MTOW,"['DE', 'DEU']",['D'],['EAAA-EZZZ']
Germany,single-engine up to 2 - 5.7 t MTOW,"['DE', 'DEU']",['D'],['FAAA-FZZZ']
Germany,multi-engine up to 2 t MTOW,"['DE', 'DEU']",['D'],['GAAA-GZZZ']
Germany,rotocraft,"['DE', 'DEU']",['D'],['HAAA-HZZZ']
Germany,multi-engine up to 2 - 5.7 t MTOW,"['DE', 'DEU']",['D'],['IAAA-IZZZ']
Germany,powered gliders,"['DE', 'DEU']",['D'],['KAAA-KZZZ']
Germany,airships,"['DE', 'DEU']",['D'],['LAAA-LZZZ']
Germany,powered ultralights,"['DE', 'DEU']",['D'],['MAAA-MZZZ']
Germany,unpowered ultralights,"['DE', 'DEU']",['D'],['NAAA-NZZZ']
Germany,balloons,"['DE', 'DEU']",['D'],['OAAA-OZZZ']
Germany,gliders,"['DE', 'DEU']",['D'],['0001-9999']
Ghana,general,"['GH', 'GHA']",['9G'],['AAA-ZZZ']
Gibraltar,general,"['GI', 'GIB']",['VP-G'],['AA-ZZ']
Greece,general,"['GR', 'GRC']","['J4', 'SV', 'SW', 'SX', 'SY', 'SZ']",['AAA-ZZZ']
Greenland,general,"['GL', 'GRL']",['OY-H'],['AA-ZZ']
Grenada,general,"['GD', 'GRD']",['J3'],['AAA-ZZZ']
Guatemala,general,"['GT', 'GTM']","['TD', 'TG']",['AAA-ZZZ']
Guinea,general,"['GN', 'GIN']",['3X'],['AAA-ZZZ']
Guinea-Bissau,general,"['GW', 'GNB']",['J5'],['AAA-ZZZ']
Guernsey,general,"['GG', 'GGY']",['2'],['AAAA-ZZZZ']
Guyana,general,"['GY', 'GUY']",['8R'],['AAA-ZZZ']
Haiti,general,"['HT', 'HTI']","['HH', '4V']",['AAA-ZZZ']
Honduras,general,"['HN', 'HND']","['HQ', 'HR']",['AAA-ZZZ']
Hong Kong,general,"['HK', 'HKG']","['B-H', 'B-K', 'B-L']",['AA-ZZ']
Hungary,general,"['HU', 'HUN']","['HA', 'HG']",['AAA-ZZZ']
Hungary,gliders,"['HU', 'HUN']","['HA', 'HG']",['1111-9999']
Hungary,ultralights and moter-gliders,"['HU', 'HUN']","['HA', 'HG']",['1111-9999']
Iceland,general,"['IS', 'ISL']",['TF'],['AAA-ZZZ']
Iceland,microlights,"['IS', 'ISL']",['TF'],['100-999']
India,general,"['IN', 'IND']","['AT', 'AU', 'AV', 'AW', 'VT', 'VU', 'VV', 'VW', '8T', '8U', '8V', '8W', '8X', '8Y']",['AAA-ZZZ']
Indonesia,general,"['ID', 'IDN']","['JZ', 'PK', 'PL', 'PM', 'PN', 'PO', 'YB', 'YC', 'YD', 'YE', 'YF', 'YG', 'YH', '7A', '7B', '7C', '7D', '7E', '7F', '7G', '7H', '7I', '8A', '8B', '8C', '8D', '8E', '8F', '8G', '8H', '8I']",['AAA-ZZZ']
Iran,general,"['IR', 'IRN']","['EP', 'EQ', '9B', '9C', '9D']",['AAA-ZZZ']
Iraq,general,"['IQ', 'IRQ']","['HN', 'YI']",['AAA-ZZZ']
Ireland,general,"['IE', 'IRL']","['EI', 'EJ']",['AAA-ZZZ']
Ireland,VIP or business,"['IE', 'IRL']","['EI', 'EJ']",['AAAA-ZZZZ']
Isle of Man,general,"['IM', 'IMN']",['M'],['AAAA-ZZZZ']
Israel,general,"['IL', 'ISR']","['4X', '4Z']",['AAA-ZZZ']
Italy,general,"['IT', 'ITA']",['I'],"['AAAA-ZZZZ','0001-Z999']"
Ivory Coast or Cote d'Ivoire,general,"['CI', 'CIV']",['TU'],['AAA-ZZZ']
Jamaica,general,"['JM', 'JAM']",['6Y'],['AAA-ZZZ']
Japan,general,"['JP', 'JPN']","['JA', 'JB', 'JC', 'JD', 'JE', 'JF', 'JG', 'JH', 'JI', 'JJ', 'JK', 'JL', 'JM', 'JN', 'JO', 'JP', 'JQ', 'JR', 'JS', '7J', '7K', '7L', '7M', '7N', '8J', '8K', '8L', '8M', '8N']","['0001-9999','001A-999Z','01AA-99ZZ']"
Japan,balloons,"['JP', 'JPN']","['JA', 'JB', 'JC', 'JD', 'JE', 'JF', 'JG', 'JH', 'JI', 'JJ', 'JK', 'JL', 'JM', 'JN', 'JO', 'JP', 'JQ', 'JR', 'JS', '7J', '7K', '7L', '7M', '7N', '8J', '8K', '8L', '8M', '8N']",['A001-A999']
Jordan,general,"['JO', 'JOR']",['JY'],['AAA-ZZZ']
Kazakhstan,general,"['KZ', 'KAZ']","['UN', 'UO', 'UP', 'UQ']",['AAA01-ZZZ99']
Kenya,general,"['KE', 'KEN']","['5Y', '5Z']",['AAA-ZZZ']
Kiribati,general,"['KI', 'KIR']",['T3'],['AAA-ZZZ']
North Korea,general,"['KP', 'PRK']","['HM', 'P5', 'P6', 'P7', 'P8', 'P9']",['500-999']
South Korea,ultralights,"['KR', 'KOR']","['DS', 'DT', 'D7', 'D8', 'D9', 'HL', '6K', '6L', '6M', '6N']",['C000-C999']
South Korea,gliders,"['KR', 'KOR']","['DS', 'DT', 'D7', 'D8', 'D9', 'HL', '6K', '6L', '6M', '6N']",['0000-0599']
South Korea,airships,"['KR', 'KOR']","['DS', 'DT', 'D7', 'D8', 'D9', 'HL', '6K', '6L', '6M', '6N']",['0600-0799']
South Korea,piston engines,"['KR', 'KOR']","['DS', 'DT', 'D7', 'D8', 'D9', 'HL', '6K', '6L', '6M', '6N']","['1000-1799','2000-2099']"
South Korea,turboprops,"['KR', 'KOR']","['DS', 'DT', 'D7', 'D8', 'D9', 'HL', '6K', '6L', '6M', '6N']",['5100-5499']
South Korea,piston engine helicopters,"['KR', 'KOR']","['DS', 'DT', 'D7', 'D8', 'D9', 'HL', '6K', '6L', '6M', '6N']",['6100-6199']
South Korea,single turbojets,"['KR', 'KOR']","['DS', 'DT', 'D7', 'D8', 'D9', 'HL', '6K', '6L', '6M', '6N']",['7100-7199']
South Korea,twin-jet aircrafts,"['KR', 'KOR']","['DS', 'DT', 'D7', 'D8', 'D9', 'HL', '6K', '6L', '6M', '6N']","['7200-7299', '7500-7599', '7700-7799', '7800-7899', '8000-8099', '8200-8299']"
South Korea,tri-jet aircrafts,"['KR', 'KOR']","['DS', 'DT', 'D7', 'D8', 'D9', 'HL', '6K', '6L', '6M', '6N']",['7300-7399']
South Korea,quad-jet aircrafts,"['KR', 'KOR']","['DS', 'DT', 'D7', 'D8', 'D9', 'HL', '6K', '6L', '6M', '6N']","['7400-7499', '7600-7699', '8400-8499', '8600-8699']"
South Korea,turboshaft helicopters,"['KR', 'KOR']","['DS', 'DT', 'D7', 'D8', 'D9', 'HL', '6K', '6L', '6M', '6N']",['9100-9699']
Kosovo,general,"['XK', 'XKX']",['Z6'],['AAA-ZZZ']
Kuwait,general,"['KW', 'KWT']",['9K'],['AAA-ZZZ']
Kyrgyzstan,general,"['KG', 'KGZ']",['EX'],"['100-999','10000-99999']"
Laos,general,"['LA', 'LAO']","['XW','RDPL']",['10000-99999']
Latvia,general,"['LV', 'LVA']",['YL'],['AAA-ZZZ']
Lebanon,general,"['LB', 'LBN']",['OD'],['AAA-ZZZ']
Lesotho,general,"['LS', 'LSO']",['7P'],['AAA-ZZZ']
Liberia,general,"['LR', 'LBR']","['A8', 'D5', 'EL', '5L', '5M', '6Z']",['AAA-ZZZ']
Libya,general,"['LY', 'LBY']",['5A'],['AAA-ZZZ']
Liechtenstein,general,"['LI', 'LIE']","['HB', 'HB0', 'HB3Y', 'HBL']",['AAA-ZZZ']
Lithuania,general,"['LT', 'LTU']",['LY'],['AAA-ZZZ']
Luxembourg,balloons,"['LU', 'LUX']",['LX'],['BAA-BZZ']
Luxembourg,gliders,"['LU', 'LUX']",['LX'],['CAA-CZZ']
Luxembourg,helicopters,"['LU', 'LUX']",['LX'],['HZZ-HZZ']
Luxembourg,NATO AWACS,"['LU', 'LUX']",['LX'],['N90442-N90459']
Luxembourg,ultralights,"['LU', 'LUX']",['LX'],['XAA-XZZ']
Macau or Macao,general,"['MO', 'MAC']",['B-M'],['AA-ZZ']
Macedonia,general,"['MK', 'MKD']",['Z3'],['AAA-ZZZ']
Macedonia,helicopters,"['MK', 'MKD']",['Z3'],['HAA-HZZ']
Macedonia,ultralights,"['MK', 'MKD']",['Z3'],['UA-001-UA-999']
Macedonia,balloons,"['MK', 'MKD']",['Z3'],['OAA-OZZ']
Madagascar,general,"['MG', 'MDG']","['5R', '5S', '6X']",['AAA-ZZZ']
Malawi,general,"['MW', 'MWI']",['7Q'],['AAA-ZZZ']
Malaysia,general,"['MY', 'MYS']","['9M', '9W']",['AAA-ZZZ']
Malaysia,amateur-builts,"['MY', 'MYS']","['9M', '9W']",['EAA-EZZ']
Malaysia,ultralights,"['MY', 'MYS']","['9M', '9W']",['UAA-UZZ']
Maldives,general,"['MV', 'MDV']",['8Q'],['AAA-ZZZ']
Mali,general,"['ML', 'MLI']",['TZ'],['AAA-ZZZ']
Malta,general,"['MT', 'MLT']",['9H'],['AAA-ZZZ']
Marshall Islands,general,"['MH', 'MHL']",['V7'],['0001-9999']
Mauritania,general,"['MR', 'MRT']",['5T'],['AAA-ZZZ']
Mauritius,general,"['MU', 'MUS']",['3B'],['AAA-ZZZ']
Mexico,general,"['MX', 'MEX']","['XA', 'XB', 'XC', 'XD', 'XE', 'XF', 'XG', 'XH', 'XI', '4A', '4B', '4C', '6D', '6E', '6F', '6G', '6H', '6I', '6J']",['AAA-ZZZ']
Mexico,commercial,"['MX', 'MEX']",['XA'],['AAA-ZZZ']
Mexico,private,"['MX', 'MEX']",['XB'],['AAA-ZZZ']
Mexico,government,"['MX', 'MEX']",['XC'],['AAA-ZZZ']
Micronesia,general,"['FM', 'FSM']",['V6'],['AAA-ZZZ']
Moldova,general,"['MD', 'MDA']",['ER'],"['AAA-ZZZ','10000-99999']"
Monaco,general,"['MC', 'MCO']",['3A'],['MAA-MZZ']
Mongolia,general,"['MN', 'MNG']","['JT', 'JU', 'JV']",['1000-9999']
Montenegro,general,"['ME', 'MNE']",['4O'],['AAA-ZZZ']
Montserrat,general,"['MS', 'MSR']",['VP-M'],['AA-ZZ']
Morocco,general,"['MA', 'MAR']","['CN', '5C', '5D', '5E', '5F', '5G']",['AAA-ZZZ']
Mozambique,general,"['MZ', 'MOZ']","['C8', 'C9']",['AAA-ZZZ']
Myanmar or Burma,general,"['MM', 'MMR']","['XY', 'XZ']",['AAA-ZZZ']
Namibia,general,"['NA', 'NAM']",['V5'],['AAA-ZZZ']
Nauru,general,"['NR', 'NRU']",['C2'],['AAA-ZZZ']
Nepal,general,"['NP', 'NPL']",['9N'],['AAA-ZZZ']
Nepal,government,"['NP', 'NPL']",['9N'],['RAA-RZZ']
Netherlands,general,"['NL', 'NLD']","['PA', 'PB', 'PC', 'PD', 'PE', 'PF', 'PG', 'PH', 'PI']",['AAA-ZZZ']
Netherlands,drones,"['NL', 'NLD']",['PH'],['1AA-1ZZ']
Netherlands,microlights,"['NL', 'NLD']",['PH'],['1A1-9Z9']
Netherlands,gliders,"['NL', 'NLD']",['PH'],['100-9999']
Netherlands Antilles or Curacao,general,"['AN', 'ANT']",['PJ'],['AAA-ZZZ']
New Zealand,general,"['NZ', 'NZL']","['ZK', 'ZL', 'ZM']",['***']
New Zealand,historical,"['NZ', 'NZL']",['ZK'],"['A**','B**','G**','HA*']"
New Zealand,balloons,"['NZ', 'NZL']",['ZK'],"['FA*','FB*']"
New Zealand,gliders,"['NZ', 'NZL']",['ZK'],['G**']
New Zealand,helicopters,"['NZ', 'NZL']",['ZK'],"['H**','I**']"
New Zealand,gyrocopters,"['NZ', 'NZL']",['ZK'],"['R**','RB*','RC*','RD*']"
New Zealand,ICAO prohibited,"['NZ', 'NZL']",['ZK'],['Q**']
Nicaragua,general,"['NI', 'NIC']","['HT', 'H6', 'H7', 'YN']",['AAA-ZZZ']
Niger,general,"['NE', 'NER']",['5U'],['AAA-ZZZ']
Nigeria,general,"['NG', 'NGA']","['5N', '5O']",['AAA-ZZZ']
Norway,general,"['NO', 'NOR']","['JW', 'JX', 'LA', 'LB', 'LC', 'LD', 'LE', 'LF', 'LG', 'LH', 'LI', 'LJ', 'LK', 'LL', 'LM', 'LN', '3Y']",['AAA-ZZZ']
Norway,gliders,"['NO', 'NOR']",['LN'],['GAA-GZZ']
Norway,helicopters,"['NO', 'NOR']",['LN'],['OAA-OZZ']
Norway,balloons,"['NO', 'NOR']",['LN'],['CAA-CZZ']
Norway,ultralights,"['NO', 'NOR']",['LN'],['YAA-YZZ']
Oman,general,"['OM', 'OMN']",['A4O'],['AA-ZZ']
Pakistan,general,"['PK', 'PAK']","['AP', 'AQ', 'AR', 'AS', '6P', '6Q', '6R', '6S']",['AAA-ZZZ']
Palau,general,"['PW', 'PLW']",['T8'],['AAA-ZZZ']
Palestinian Authority,general,"['PS', 'PSE']",['E4'],['AAA-ZZZ']
Palestinian Authority,general,"['PS', 'PSE']",['SU-Y'],['AA-ZZ']
Panama,general,"['PA', 'PAN']","['HO', 'HP', 'H3', 'H8', 'H9', '3E', '3F']",['AAA-ZZZ']
Papua New Guinea,general,"['PG', 'PNG']",['P2'],['AAA-ZZZ']
Paraguay,general,"['PY', 'PRY']",['ZP'],['AAA-ZZZ']
Peru,general,"['PE', 'PER']","['OA', 'OB', 'OC', '4T']",['1000-9999']
Philippines,general,"['PH', 'PHL']","['RP', 'DU', 'DV', 'DW', 'DX', 'DY', 'DZ', '4D', '4E', '4F', '4G', '4H', '4I']",['AAA-ZZZ']
Philippines,government,"['PH', 'PHL']",['RP'],['0001-9999']
Philippines,registered aircraft,"['PH', 'PHL']",['RP'],['C0001-C9999']
Philippines,gliders,"['PH', 'PHL']",['RP'],['G0001-G9999']
Philippines,limited,"['PH', 'PHL']",['RP'],['R0001-R9999']
Philippines,unmanned,"['PH', 'PHL']",['RP'],['U001A-U999Z']
Philippines,experimental,"['PH', 'PHL']",['RP'],['X0001-X9999']
Poland,general,"['PL', 'POL']","['HF', 'SN', 'SO', 'SP', 'SQ', 'SR', '3Z']",['AAA-ZZZ']
Poland,motor-gliders,"['PL', 'POL']",['SP'],['0***']
Poland,gliders,"['PL', 'POL']",['SP'],"['1***-3***','8***']"
Poland,balloons,"['PL', 'POL']",['SP'],['B**']
Poland,Polish airlines,"['PL', 'POL']",['SP'],['L**']
Poland,ultralights,"['PL', 'POL']",['SP'],['S***']
Poland,autogyros,"['PL', 'POL']",['SP'],['X***']
Poland,experimental,"['PL', 'POL']",['SP'],['Y**']
Poland,police,"['PL', 'POL']",['SN'],"['**XP','VP*']"
Poland,border guard,"['PL', 'POL']",['SN'],"['**YG','VS*']"
Portugal,general,"['PT', 'PRT']","['CQ', 'CR', 'CS', 'CT', 'CU']",['AAA-ZZZ']
Portugal,airlines,"['PT', 'PRT']",['CS'],['T**']
Portugal,helicopters,"['PT', 'PRT']",['CS'],['H**']
Portugal,experimental,"['PT', 'PRT']",['CS'],['X**']
Portugal,ultralights,"['PT', 'PRT']",['CS'],['U**']
Portugal,gliders,"['PT', 'PRT']",['CS'],['P**']
Portugal,balloons,"['PT', 'PRT']",['CS'],['B**']
Qatar,general,"['QA', 'QAT']",['A7'],['AAA-ZZZ']
Qatar,official,"['QA', 'QAT']",['A7'],"['HAA-HZZ','MAA-MZZ']"
Reunion Island,general,"['RE', 'REU']",['F-OD'],['AA-ZZ']
Romania,general,"['RO', 'ROU']","['YO', 'YP', 'YQ', 'YR']",['AAA-ZZZ']
Romania,gliders and ultralights,"['RO', 'ROU']",['YR'],['AAA-ZZZ']
Romania,drones,"['RO', 'ROU']",['YR'],['D0000-D9999']
Russia,general,"['RU', 'RUS']","['R','RA','RF','UA', 'UB', 'UC', 'UD', 'UE', 'UF', 'UG', 'UH', 'UI']","['00001-99999','0001K-9999K','0001G-9999G','0001A-9999A']"
Rwanda,general,"['RW', 'RWA']",['9XR'],['AA-ZZ']
Saint Helena,general,"['SH', 'SHN']",['VQ-H'],['AA-ZZ']
Saint Kitts and Nevis,general,"['KN', 'KNA']",['V4'],['AAA-ZZZ']
Saint Lucia,general,"['LC', 'LCA']",['J6'],['AAA-ZZZ']
Saint Vincent and the Grenadines,general,"['VC', 'VCT']",['J8'],['AAA-ZZZ']
Samoa,general,"['WS', 'WSM']",['5W'],['AAA-ZZZ']
San Marino,general,"['SM', 'SMR']",['T7'],['AAA-ZZZ']
San Marino,microlights,"['SM', 'SMR']",['T7'],['001-999']
Sao Tome and Principe,general,"['ST', 'STP']",['S9'],['AAA-ZZZ']
Saudi Arabia,general,"['SA', 'SAU']","['HZ', '7Z', '8Z']","['AAA-ZZZ','AA1-ZZ99','AAA1-ZZZ99','AAAA-ZZZZ']"
Senegal,general,"['SN', 'SEN']","['6V', '6W']",['AAA-ZZZ']
Serbia,general,"['RS', 'SRB']","['YT', 'YU']",['AAA-ZZZ']
Serbia,gliders,"['RS', 'SRB']","['YT', 'YU']",['0000-9999']
Serbia,ultralights,"['RS', 'SRB']","['YT', 'YU']",['A000-Z999']
Serbia,drones,"['RS', 'SRB']","['YT', 'YU']",['D0000-D9999']
Seychelles,general,"['SC', 'SYC']",['S7'],['AAA-ZZZ']
Sierra Leone,general,"['SL', 'SLE']",['9L'],['AAA-ZZZ']
Singapore,general,"['SG', 'SGP']","['9V', 'S6']",['AAA-ZZZ']
Slovakia,general,"['SK', 'SVK']",['OM'],['AAA-ZZZ']
Slovakia,ultralights,"['SK', 'SVK']",['OM'],['AAAA-ZZZZ']
Slovakia,microlights,"['SK', 'SVK']",['OM'],['M000-M999']
Slovakia,gliders,"['SK', 'SVK']",['OM'],['0000-9999']
Slovenia,general,"['SI', 'SVN']",['S5'],"['AAA-9999','DAA-DZZ']"
Slovenia,helicopters,"['SI', 'SVN']",['S5'],['HAA-HZZ']
Slovenia,ultralights,"['SI', 'SVN']",['S5'],['PAA-PZZ']
Slovenia,amature builds,"['SI', 'SVN']",['S5'],['MAA-MZZ']
Slovenia,gyrocopters,"['SI', 'SVN']",['S5'],['JAA-JZZ']
Slovenia,oldtimer gliders,"['SI', 'SVN']",['S5'],['1000-1999']
Slovenia,single-seat gliders,"['SI', 'SVN']",['S5'],['3000-3999']
Slovenia,double-seat gliders,"['SI', 'SVN']",['S5'],['7000-7999']
Slovenia,motorgliders,"['SI', 'SVN']",['S5'],['KAA-KZZ']
Slovenia,balloons,"['SI', 'SVN']",['S5'],['OAA-OZZ']
Solomon Islands,general,"['SB', 'SLB']",['H4'],['AAA-ZZZ']
Somalia,general,"['SO', 'SOM']","['6O', 'T5']",['AAA-ZZZ']
South Africa,general,"['ZA', 'ZAF']","['S8', 'ZR', 'ZS', 'ZT', 'ZU']",['AAA-ZZZ']
South Sudan,general,"['SS', 'SSD']",['Z8'],['AAA-ZZZ']
Spain,general,"['ES', 'ESP']","['AM', 'AN', 'AO', 'EA', 'EB', 'EC', 'ED', 'EE', 'EF', 'EG', 'EH']",['AAA-WZZ']
Spain,amature builds,"['ES', 'ESP']","['AM', 'AN', 'AO', 'EA', 'EB', 'EC', 'ED', 'EE', 'EF', 'EG', 'EH']",['YAA-ZZZ']
Spain,ultralights,"['ES', 'ESP']","['AM', 'AN', 'AO', 'EA', 'EB', 'EC', 'ED', 'EE', 'EF', 'EG', 'EH']",['AA0-ZZ9']
Spain,test and delivery,"['ES', 'ESP']","['AM', 'AN', 'AO', 'EA', 'EB', 'EC', 'ED', 'EE', 'EF', 'EG', 'EH']",['001-999']
Sri Lanka,general,"['LK', 'LKA']","['4P', '4Q', '4R', '4S']",['AAA-ZZZ']
Sudan,general,"['SD', 'SDN']","['SSN', 'SSM', 'SSO', 'SSP', 'SSQ', 'SSR', 'SSS', 'SST', 'SSU', 'SSW', 'SSX', 'SSY', 'SSZ', 'STA', 'STB', 'STC', 'STD', 'STE', 'STF', 'STG', 'STH', 'STI', 'STJ', 'STK', 'STL', 'STM', 'STN', 'STO', 'STP', 'STQ', 'STR', 'STS', 'STT', 'STU', 'STV', 'STW', 'STX', 'STY', 'STZ', '6T', '6U']",['AAA-ZZZ']
Suriname,general,"['SR', 'SUR']",['PZ'],['AAA-ZZZ']
Suriname,helicopters,"['SR', 'SUR']",['PZ'],['HAA-HZZ']
Suriname,commercial,"['SR', 'SUR']",['PZ'],['TAA-TZZ']
Suriname,agricultural,"['SR', 'SUR']",['PZ'],['UAA-UZZ']
Swaziland or Eswatini,general,"['SZ', 'SWZ']","['3D', '3DA', '3DB', '3DC', '3DD', '3DE', '3DF', '3DG', '3DH', '3DI', '3DJ', '3DK', '3DL', '3DM']",['AAA-ZZZ']
Sweden,general,"['SE', 'SWE']","['SA', 'SB', 'SC', 'SD', 'SE', 'SF', 'SG', 'SH', 'SI', 'SJ', 'SK', 'SL', 'SM', '7S', '8S']",['AAA-ZZZ']
Sweden,jets,"['SE', 'SWE']","['SA', 'SB', 'SC', 'SD', 'SE', 'SF', 'SG', 'SH', 'SI', 'SJ', 'SK', 'SL', 'SM', '7S', '8S']","['DAA-DZZ','RAA-RZZ']"
Sweden,helicopters,"['SE', 'SWE']","['SA', 'SB', 'SC', 'SD', 'SE', 'SF', 'SG', 'SH', 'SI', 'SJ', 'SK', 'SL', 'SM', '7S', '8S']",['HAA-HZZ']
Sweden,gliders,"['SE', 'SWE']","['SA', 'SB', 'SC', 'SD', 'SE', 'SF', 'SG', 'SH', 'SI', 'SJ', 'SK', 'SL', 'SM', '7S', '8S']",['SAA-UZZ']
Sweden,ultralights,"['SE', 'SWE']","['SA', 'SB', 'SC', 'SD', 'SE', 'SF', 'SG', 'SH', 'SI', 'SJ', 'SK', 'SL', 'SM', '7S', '8S']","['VAA-VZZ','YAA-YZZ']"
Sweden,amuture builds,"['SE', 'SWE']","['SA', 'SB', 'SC', 'SD', 'SE', 'SF', 'SG', 'SH', 'SI', 'SJ', 'SK', 'SL', 'SM', '7S', '8S']",['XAA-XZZ']
Sweden,lighter than air,"['SE', 'SWE']","['SA', 'SB', 'SC', 'SD', 'SE', 'SF', 'SG', 'SH', 'SI', 'SJ', 'SK', 'SL', 'SM', '7S', '8S']",['ZAA-ZZZ']
Sweden,test and delivery,"['SE', 'SWE']","['SA', 'SB', 'SC', 'SD', 'SE', 'SF', 'SG', 'SH', 'SI', 'SJ', 'SK', 'SL', 'SM', '7S', '8S']",['A01-Z99']
Switzerland,general,"['CH', 'CHE']","['HB', 'HE']",['AAA-ZZZ']
Syria,general,"['SY', 'SYR']","['YK', '6C']",['AAA-ZZZ']
Tahiti or French Polynesia,general,"['PF', 'PYF']",['F-OH'],['AA-ZZ']
Taiwan,general,"['TW', 'TWN']","['B', 'BM', 'BN', 'BO', 'BQ', 'BV', 'BX']",['00000-99999']
Tajikistan,general,"['TJ', 'TJK']",['EY'],['00000-99999']
Tanzania,general,"['TZ', 'TZA']","['5H', '5I']",['AAA-ZZZ']
Thailand,general,"['TH', 'THA']","['E2', 'HS']",['AAA-ZZZ']
Timorâ€“Leste,general,"['TL', 'TLS']",['4W'],['AAA-ZZZ']
Togo,general,"['TG', 'TGO']",['5V'],['AAA-ZZZ']
Tonga,general,"['TO', 'TON']",['A3'],['AAA-ZZZ']
Trinidad and Tobago,general,"['TT', 'TTO']","['9Y', '9Z']",['AAA-ZZZ']
Tunisia,general,"['TN', 'TUN']","['TS', '3V']",['AAA-ZZZ']
Turkey,general,"['TR', 'TUR']","['TA', 'TB', 'TC', 'YM']",['AAA-ZZZ']
Turkey,balloons,"['TR', 'TUR']","['TA', 'TB', 'TC', 'YM']",['BAA-BZZ']
Turkey,helicopters,"['TR', 'TUR']","['TA', 'TB', 'TC', 'YM']",['HAA-HZZ']
Turkey,gliders,"['TR', 'TUR']","['TA', 'TB', 'TC', 'YM']",['PAA-PZZ']
Turkey,ultralights,"['TR', 'TUR']","['TA', 'TB', 'TC', 'YM']",['UAA-UZZ']
Turkey,agricultural,"['TR', 'TUR']","['TA', 'TB', 'TC','YM']",['ZAA-ZZZ']
Turkmenistan,general,"['TM', 'TKM']",['EZ'],['A100-Z999']
Turks and Caicos Islands,general,"['TC', 'TCA']",['VQ-T'],['AA-ZZ']
Tuvalu,general,"['TV', 'TUV']",['T2'],['AAA-ZZZ']
Uganda,general,"['UG', 'UGA']",['5X'],['AAA-ZZZ']
Ukraine,general,"['UA', 'UKR']","['EM', 'EN', 'EO', 'UR', 'US', 'UT', 'UU', 'UV', 'UW', 'UX', 'UY', 'UZ']","['AAA-ZZZ','10000-99999','AAAA-ZZZZ']"
United Arab Emirates,general,"['AE', 'ARE']",['A6'],['AAA-ZZZ']
United Kingdom,general,"['GB', 'GBR']","['2', 'G', 'M', 'VP', 'VQ', 'VS', 'ZB', 'ZC', 'ZD', 'ZE', 'ZF', 'ZG', 'ZH', 'ZI', 'ZJ', 'ZN', 'ZO', 'ZQ']",['AAAA-ZZZZ']
United States,general,"['US', 'USA']","['AA', 'AB', 'AC', 'AD', 'AE', 'AF', 'AG', 'AH', 'AI', 'AJ', 'AK', 'AL', 'K', 'N', 'W']","['1-99999','1A-9999Z','1AA-999ZZ']"
United States,commercial and private,"['US', 'USA']",['NC'],"['1-99999','1A-9999Z','1AA-999ZZ']"
United States,gliders,"['US', 'USA']",['NG'],"['1-99999','1A-9999Z','1AA-999ZZ']"
United States,limited,"['US', 'USA']",['NL'],"['1-99999','1A-9999Z','1AA-999ZZ']"
United States,restricte,"['US', 'USA']",['NR'],"['1-99999','1A-9999Z','1AA-999ZZ']"
United States,state,"['US', 'USA']",['NS'],"['1-99999','1A-9999Z','1AA-999ZZ']"
United States,experimental,"['US', 'USA']",['NX'],"['1-99999','1A-9999Z','1AA-999ZZ']"
Uruguay,general,"['UY', 'URY']","['CV', 'CW', 'CX']",['AAA-ZZZ']
Uzbekistan,general,"['UZ', 'UZB']","['UJ', 'UK', 'UL', 'UM']",['10000-99999']
Vanuatu,general,"['VU', 'VUT']",['YJ'],['AA1-ZZ99']
Vatican City,general,"['VA', 'VAT']",['HV'],['AAA-ZZZ']
Venezuela,general,"['VE', 'VEN']","['YV', 'YW', 'YX', 'YY', '4M']","['1000-9999','100T-999T']"
Venezuela,training,"['VE', 'VEN']","['YV', 'YW', 'YX', 'YY', '4M']",['100E-999E']
Venezuela,official,"['VE', 'VEN']","['YV', 'YW', 'YX', 'YY', '4M']",['O100-O999']
Vietnam,general,"['VN', 'VNM']","['XV', '3W']",['1000-9999']
Vietnam,turbo jet engine,"['VN', 'VNM']","['XV', '3W']",['A100-A999']
Vietnam,turbo prop engine,"['VN', 'VNM']","['XV', '3W']",['B100-B999']
Vietnam,combustion engine,"['VN', 'VNM']","['XV', '3W']",['C100-C999']
Yemen,general,"['YE', 'YEM']",['7O'],['AAA-ZZZ']
Zambia,general,"['ZM', 'ZMB']","['9I', '9J']",['AAA-ZZZ']
Zimbabwe,general,"['ZW', 'ZWE']","['Z','Z2']",['AAA-ZZZ']
